# Links to differents channels sorted alphabetically of music from https://somafm.com,
7soul, http://ice4.somafm.com/7soul-128-mp3
bagel, http://ice4.somafm.com/bagel-128-mp3
beatblender, http://ice4.somafm.com/beatblender-128-mp3
bootliquor, http://ice4.somafm.com/bootliquor-128-mp3
brfm, http://ice2.somafm.com/brfm-128-mp3
christmas, http://ice2.somafm.com/christmas-128-mp3
cliqhop, http://ice2.somafm.com/cliqhop-128-mp3
covers, http://ice2.somafm.com/covers-128-mp3
deepspaceone, http://ice2.somafm.com/deepspaceone-128-mp3
defcon, http://ice4.somafm.com/defcon-128-mp3
digitalis, http://ice4.somafm.com/digitalis-128-mp3
dronezone, http://ice2.somafm.com/dronezone-128-mp3
dubstep, http://ice4.somafm.com/dubstep-128-mp3
fluid, http://ice2.somafm.com/fluid-128-mp3
folkfwd, http://ice4.somafm.com/folkfwd-128-mp3
groovesalad, http://ice4.somafm.com/groovesalad-128-mp3
gsclassic, http://ice4.somafm.com/gsclassic-128-mp3
illstreet, http://ice4.somafm.com/illstreet-128-mp3
indiepop, http://ice4.somafm.com/indiepop-128-mp3
jollysoul, http://ice4.somafm.com/jollysoul-128-mp3
live, http://ice4.somafm.com/live-128-mp3
lush, http://ice4.somafm.com/lush-128-mp3
metal, http://ice2.somafm.com/metal-128-mp3
missioncontrol, http://ice4.somafm.com/missioncontrol-128-mp3
n5md, http://ice4.somafm.com/n5md-128-mp3
poptron, http://ice4.somafm.com/poptron-128-mp3
reggae, http://ice2.somafm.com/reggae-128-mp3
scanner, http://ice4.somafm.com/scanner-128-mp3
secretagent, http://ice4.somafm.com/secretagent-128-mp3
seventies, http://ice2.somafm.com/seventies-128-mp3
sf1033, http://ice4.somafm.com/sf1033-128-mp3
sonicuniverse, http://ice2.somafm.com/sonicuniverse-128-mp3
spacestation, http://ice4.somafm.com/spacestation-128-mp3
specials, http://ice4.somafm.com/specials-128-mp3
suburbsofgoa, http://ice2.somafm.com/suburbsofgoa-128-mp3
synphaera, http://ice6.somafm.com/synphaera-128-mp3
thetrip, http://ice2.somafm.com/thetrip-128-mp3
thistle, http://ice4.somafm.com/thistle-128-mp3
u80s, http://ice2.somafm.com/u80s-128-mp3
vaporwaves, http://ice4.somafm.com/vaporwaves-128-mp3
xmasinfrisko, http://ice4.somafm.com/xmasinfrisko-128-mp3
xmasrocks, http://ice4.somafm.com/xmasrocks-128-mp3